Megen;Lowdwell;01/12/1966;Quality Engineer
Caz;Bounde;31/01/1972;
Claretta;Feaver;16/04/2008;Nuclear Power Engineer
Magda;MacLaverty;12/04/1981;
Nani;Michal;27/04/1956;
Bronson;Dollard;18/10/1974;Software Test Engineer III
Felic;Perkis;12/12/1954;Sales Associate
Arleta;Frankowski;null;
Katlin;Danielovitch;20/07/1987;
Duane;Hanburry;21/06/1987;Web Developer IV
Waverley;O''Lochan;09/04/1976;Marketing Assistant
Andrus;Claybourne;27/09/1987;Account Coordinator
Sonni;Trusslove;null;Programmer Analyst II
Caril;Cumberpatch;18/05/1998;
Gretchen;Andrichuk;24/10/1952;Research Nurse
Bryanty;Edgin;09/01/1993;GIS Technical Architect
Salem;Taks;null;VP Accounting
Dolph;Guppey;09/04/1952;Quality Engineer
Willie;Sircomb;09/03/1980;Social Worker
Fanni;Bradder;20/02/1959;Graphic Designer
Isac;Altimas;08/09/2008;
Honor;Boribal;17/05/1970;Data Coordiator
Peggi;Mearns;20/02/1977;
Alexandra;Duffree;16/05/1962;Graphic Designer
Ophelie;Gostick;26/08/1985;
