Andrus;Claybourne;27/09/1987;Account Coordinator
Sonni;Trusslove;null;Programmer Analyst II
Caril;Cumberpatch;18/05/1998;
Gretchen;Andrichuk;24/10/1952;Research Nurse
Bryanty;Edgin;09/01/1993;GIS Technical Architect
Salem;Taks;null;VP Accounting
Dolph;Guppey;09/04/1952;Quality Engineer
Willie;Sircomb;09/03/1980;Social Worker
Fanni;Bradder;20/02/1959;Graphic Designer
Isac;Altimas;08/09/2008;
Honor;Boribal;17/05/1970;Data Coordiator
Peggi;Mearns;20/02/1977;
Alexandra;Duffree;16/05/1962;Graphic Designer
Ophelie;Gostick;26/08/1985;
